ticker,company_name,earnings_yield,roc,f_score,debt_to_equity,momentum_6m,price_strength_score,cash_flow_quality_score,sentiment_score,overall_quality_score,value_trap_avoidance_score,ocf_margin,fcf_margin,ocf_to_ni_ratio,current_price,market_cap,ebitda,eps,revenue,net_income,operating_income,sector,weight,last_updated,sec_data_available,yahoo_data_available,point_in_time_date,sec_filing_dates,magic_formula_rank
XOM,Exxon Mobil Corporation,0.111570062416675,0.16738461934784712,5,,0.013389415840021237,2,5,2,10,4,0.15581619150727777,0.15581619150727777,1.6793724880072605,110.79000091552734,477465051136.0,64872001536.0,7.54,83130000000.0,7713000000.0,51897601228.8,Energy,0.81,2025-07-24T20:47:17.093319,True,True,2025-07-24T20:45:56.416972,"{""revenue"": {""filed_date"": ""2025-05-05"", ""form_type"": ""10-Q""}, ""net_income"": {""filed_date"": ""2025-05-05"", ""form_type"": ""10-Q""}, ""total_assets"": {""filed_date"": ""2025-05-05"", ""form_type"": ""10-Q""}, ""current_assets"": {""filed_date"": ""2025-05-05"", ""form_type"": ""10-Q""}, ""current_liabilities"": {""filed_date"": ""2025-05-05"", ""form_type"": ""10-Q""}, ""long_term_debt"": {""filed_date"": ""2018-02-28"", ""form_type"": ""10-K""}, ""cash_and_equivalents"": {""filed_date"": ""2025-05-05"", ""form_type"": ""10-Q""}, ""ppe"": {""filed_date"": ""2025-05-05"", ""form_type"": ""10-Q""}, ""stockholders_equity"": {""filed_date"": ""2025-05-05"", ""form_type"": ""10-Q""}, ""operating_cash_flow"": {""filed_date"": ""2025-05-05"", ""form_type"": ""10-Q""}, ""capex"": {""filed_date"": ""2025-05-05"", ""form_type"": ""10-Q""}, ""total_debt"": {""filed_date"": ""2025-05-05"", ""form_type"": ""10-Q""}, ""shares_outstanding"": {""filed_date"": ""2025-05-05"", ""form_type"": ""10-Q""}}",1
CVX,Chevron Corporation,0.0946276625904209,0.19637346532350616,5,,0.0006118811745375129,2,4,2,10,4,0.10898970804452845,0.10898970804452845,1.4825714285714287,155.8300018310547,316838215680.0,38499999744.0,8.74,47610000000.0,3500000000.0,30799999795.2,Energy,0.5,2025-07-24T20:47:17.093794,True,True,2025-07-24T20:45:56.416972,"{""revenue"": {""filed_date"": ""2025-05-08"", ""form_type"": ""10-Q""}, ""net_income"": {""filed_date"": ""2025-05-08"", ""form_type"": ""10-Q""}, ""total_assets"": {""filed_date"": ""2025-05-08"", ""form_type"": ""10-Q""}, ""current_assets"": {""filed_date"": ""2025-05-08"", ""form_type"": ""10-Q""}, ""current_liabilities"": {""filed_date"": ""2025-05-08"", ""form_type"": ""10-Q""}, ""long_term_debt"": {""filed_date"": ""2022-02-24"", ""form_type"": ""10-K""}, ""cash_and_equivalents"": {""filed_date"": ""2024-08-07"", ""form_type"": ""10-Q""}, ""ppe"": {""filed_date"": ""2023-11-02"", ""form_type"": ""10-Q""}, ""stockholders_equity"": {""filed_date"": ""2025-05-08"", ""form_type"": ""10-Q""}, ""operating_cash_flow"": {""filed_date"": ""2025-05-08"", ""form_type"": ""10-Q""}, ""total_debt"": {""filed_date"": ""2025-02-21"", ""form_type"": ""10-K""}, ""shares_outstanding"": {""filed_date"": ""2025-05-08"", ""form_type"": ""10-Q""}}",2
T,AT&T Inc.,0.06167896165200143,0.10239292816202396,5,,0.2941998347207834,3,5,2,10,4,0.3060205293380834,0.3060205293380834,2.1254095582420067,27.920000076293945,199935115264.0,44259000320.0,1.75,61473000000.0,8851000000.0,12255000000.0,Communication Services,0.33,2025-07-24T20:47:17.094715,True,True,2025-07-24T20:45:56.416972,"{""revenue"": {""filed_date"": ""2025-07-24"", ""form_type"": ""10-Q""}, ""operating_income"": {""filed_date"": ""2025-07-24"", ""form_type"": ""10-Q""}, ""net_income"": {""filed_date"": ""2025-07-24"", ""form_type"": ""10-Q""}, ""total_assets"": {""filed_date"": ""2025-07-24"", ""form_type"": ""10-Q""}, ""current_assets"": {""filed_date"": ""2025-07-24"", ""form_type"": ""10-Q""}, ""current_liabilities"": {""filed_date"": ""2025-07-24"", ""form_type"": ""10-Q""}, ""long_term_debt"": {""filed_date"": ""2025-02-12"", ""form_type"": ""10-K""}, ""cash_and_equivalents"": {""filed_date"": ""2025-07-24"", ""form_type"": ""10-Q""}, ""ppe"": {""filed_date"": ""2020-08-05"", ""form_type"": ""10-Q""}, ""stockholders_equity"": {""filed_date"": ""2025-07-24"", ""form_type"": ""10-Q""}, ""operating_cash_flow"": {""filed_date"": ""2025-07-24"", ""form_type"": ""10-Q""}, ""capex"": {""filed_date"": ""2018-02-20"", ""form_type"": ""10-K""}, ""total_debt"": {""filed_date"": ""2025-07-24"", ""form_type"": ""10-Q""}, ""shares_outstanding"": {""filed_date"": ""2025-07-24"", ""form_type"": ""10-Q""}}",3
GE,GE Aerospace,0.04563866192689918,0.24090701567493533,4,,0.4960541445706372,3,4,2,9,4,0.17917640883714273,0.17917640883714273,0.937343984023964,268.010009765625,284208529408.0,10389000192.0,7.0,20957000000.0,4006000000.0,11081000000.0,Industrials,0.47,2025-07-24T20:47:17.093836,True,True,2025-07-24T20:45:56.416972,"{""revenue"": {""filed_date"": ""2025-07-21"", ""form_type"": ""10-Q""}, ""operating_income"": {""filed_date"": ""2014-07-31"", ""form_type"": ""10-Q""}, ""net_income"": {""filed_date"": ""2025-07-21"", ""form_type"": ""10-Q""}, ""total_assets"": {""filed_date"": ""2025-07-21"", ""form_type"": ""10-Q""}, ""current_assets"": {""filed_date"": ""2025-07-21"", ""form_type"": ""10-Q""}, ""current_liabilities"": {""filed_date"": ""2025-07-21"", ""form_type"": ""10-Q""}, ""long_term_debt"": {""filed_date"": ""2025-02-03"", ""form_type"": ""10-K""}, ""cash_and_equivalents"": {""filed_date"": ""2018-02-23"", ""form_type"": ""10-K""}, ""ppe"": {""filed_date"": ""2021-02-12"", ""form_type"": ""10-K""}, ""stockholders_equity"": {""filed_date"": ""2025-07-21"", ""form_type"": ""10-Q""}, ""operating_cash_flow"": {""filed_date"": ""2025-07-21"", ""form_type"": ""10-Q""}, ""capex"": {""filed_date"": ""2023-04-25"", ""form_type"": ""10-Q""}, ""total_debt"": {""filed_date"": ""2025-07-21"", ""form_type"": ""10-Q""}, ""shares_outstanding"": {""filed_date"": ""2025-07-21"", ""form_type"": ""10-Q""}}",4
PG,The Procter & Gamble Company,0.043161914716994654,1.246302748741773,6,,0.008559571341163601,2,5,2,10,5,0.2024134395457055,0.2024134395457055,1.038271704830488,158.80999755859375,372336361472.0,24187000832.0,6.3,63395000000.0,12359000000.0,16096000000.0,Consumer Defensive,0.63,2025-07-24T20:47:17.093624,True,True,2025-07-24T20:45:56.416972,"{""revenue"": {""filed_date"": ""2025-04-24"", ""form_type"": ""10-Q""}, ""operating_income"": {""filed_date"": ""2025-04-24"", ""form_type"": ""10-Q""}, ""net_income"": {""filed_date"": ""2025-04-24"", ""form_type"": ""10-Q""}, ""total_assets"": {""filed_date"": ""2025-04-24"", ""form_type"": ""10-Q""}, ""current_assets"": {""filed_date"": ""2025-04-24"", ""form_type"": ""10-Q""}, ""current_liabilities"": {""filed_date"": ""2025-04-24"", ""form_type"": ""10-Q""}, ""long_term_debt"": {""filed_date"": ""2015-08-07"", ""form_type"": ""10-K""}, ""cash_and_equivalents"": {""filed_date"": ""2019-10-22"", ""form_type"": ""10-Q""}, ""ppe"": {""filed_date"": ""2025-04-24"", ""form_type"": ""10-Q""}, ""stockholders_equity"": {""filed_date"": ""2025-04-24"", ""form_type"": ""10-Q""}, ""operating_cash_flow"": {""filed_date"": ""2025-04-24"", ""form_type"": ""10-Q""}, ""capex"": {""filed_date"": ""2025-04-24"", ""form_type"": ""10-Q""}, ""total_debt"": {""filed_date"": ""2025-04-24"", ""form_type"": ""10-Q""}, ""shares_outstanding"": {""filed_date"": ""2025-04-24"", ""form_type"": ""10-Q""}}",5
VZ,Verizon Communications Inc.,0.04195501425564282,0.09473934212088826,5,,0.16013813795242343,3,5,2,10,4,0.23240256831417053,0.23240256831417053,1.5949989751998361,43.08000183105469,181636055040.0,49885999104.0,4.3,33485000000.0,4879000000.0,7978000000.0,Communication Services,0.31,2025-07-24T20:47:17.094850,True,True,2025-07-24T20:45:56.416972,"{""revenue"": {""filed_date"": ""2025-04-25"", ""form_type"": ""10-Q""}, ""operating_income"": {""filed_date"": ""2025-04-25"", ""form_type"": ""10-Q""}, ""net_income"": {""filed_date"": ""2025-04-25"", ""form_type"": ""10-Q""}, ""total_assets"": {""filed_date"": ""2025-04-25"", ""form_type"": ""10-Q""}, ""current_assets"": {""filed_date"": ""2025-04-25"", ""form_type"": ""10-Q""}, ""current_liabilities"": {""filed_date"": ""2025-04-25"", ""form_type"": ""10-Q""}, ""long_term_debt"": {""filed_date"": ""2014-02-27"", ""form_type"": ""10-K""}, ""cash_and_equivalents"": {""filed_date"": ""2025-04-25"", ""form_type"": ""10-Q""}, ""ppe"": {""filed_date"": ""2025-04-25"", ""form_type"": ""10-Q""}, ""stockholders_equity"": {""filed_date"": ""2025-04-25"", ""form_type"": ""10-Q""}, ""operating_cash_flow"": {""filed_date"": ""2025-04-25"", ""form_type"": ""10-Q""}, ""total_debt"": {""filed_date"": ""2020-02-21"", ""form_type"": ""10-K""}, ""shares_outstanding"": {""filed_date"": ""2025-04-25"", ""form_type"": ""10-Q""}}",6
UNH,UnitedHealth Group Incorporated,0.0393094159275146,0.22700001,4,,-0.44817448610638505,0,2,2,7,2,0.049792379648642485,0.049792379648642485,0.8671328671328671,278.5799865722656,252711043072.0,36238000128.0,23.9,109575000000.0,6292000000.0,9119000000.0,Healthcare,0.45,2025-07-24T20:47:17.094007,True,True,2025-07-24T20:45:56.416972,"{""revenue"": {""filed_date"": ""2025-05-07"", ""form_type"": ""10-Q""}, ""operating_income"": {""filed_date"": ""2025-05-07"", ""form_type"": ""10-Q""}, ""net_income"": {""filed_date"": ""2025-05-07"", ""form_type"": ""10-Q""}, ""total_assets"": {""filed_date"": ""2025-05-07"", ""form_type"": ""10-Q""}, ""current_assets"": {""filed_date"": ""2025-05-07"", ""form_type"": ""10-Q""}, ""current_liabilities"": {""filed_date"": ""2025-05-07"", ""form_type"": ""10-Q""}, ""long_term_debt"": {""filed_date"": ""2025-05-07"", ""form_type"": ""10-Q""}, ""cash_and_equivalents"": {""filed_date"": ""2025-05-07"", ""form_type"": ""10-Q""}, ""ppe"": {""filed_date"": ""2025-05-07"", ""form_type"": ""10-Q""}, ""stockholders_equity"": {""filed_date"": ""2015-07-29"", ""form_type"": ""10-Q""}, ""operating_cash_flow"": {""filed_date"": ""2025-05-07"", ""form_type"": ""10-Q""}, ""capex"": {""filed_date"": ""2025-05-07"", ""form_type"": ""10-Q""}, ""total_debt"": {""filed_date"": ""2025-05-07"", ""form_type"": ""10-Q""}, ""shares_outstanding"": {""filed_date"": ""2025-05-07"", ""form_type"": ""10-Q""}}",7
DIS,The Walt Disney Company,0.036635998268193214,0.3415704471062192,5,,0.15038547506659566,3,5,2,10,4,0.20612282916934033,0.20612282916934033,1.708354777834963,121.94999694824219,219235614720.0,19120001024.0,4.91,48311000000.0,5829000000.0,9496000000.0,Communication Services,0.38,2025-07-24T20:47:17.094226,True,True,2025-07-24T20:45:56.416972,"{""revenue"": {""filed_date"": ""2025-05-07"", ""form_type"": ""10-Q""}, ""operating_income"": {""filed_date"": ""2025-05-07"", ""form_type"": ""10-Q""}, ""net_income"": {""filed_date"": ""2025-05-07"", ""form_type"": ""10-Q""}, ""total_assets"": {""filed_date"": ""2025-05-07"", ""form_type"": ""10-Q""}, ""current_assets"": {""filed_date"": ""2025-05-07"", ""form_type"": ""10-Q""}, ""current_liabilities"": {""filed_date"": ""2025-05-07"", ""form_type"": ""10-Q""}, ""long_term_debt"": {""filed_date"": ""2024-11-14"", ""form_type"": ""10-K""}, ""cash_and_equivalents"": {""filed_date"": ""2025-05-07"", ""form_type"": ""10-Q""}, ""ppe"": {""filed_date"": ""2025-05-07"", ""form_type"": ""10-Q""}, ""stockholders_equity"": {""filed_date"": ""2025-05-07"", ""form_type"": ""10-Q""}, ""operating_cash_flow"": {""filed_date"": ""2025-05-07"", ""form_type"": ""10-Q""}, ""capex"": {""filed_date"": ""2025-05-07"", ""form_type"": ""10-Q""}, ""total_debt"": {""filed_date"": ""2024-11-14"", ""form_type"": ""10-K""}, ""shares_outstanding"": {""filed_date"": ""2025-02-05"", ""form_type"": ""10-Q""}}",8
CSCO,"Cisco Systems, Inc.",0.03227890573306391,21.8463476070529,5,,0.1561240239088054,3,5,2,10,4,0.2018852625177377,0.2018852625177377,1.3052424639580602,68.29000091552734,270428405760.0,14741999616.0,2.45,49330000000.0,7630000000.0,8673000000.0,Technology,0.46,2025-07-24T20:47:17.093881,True,True,2025-07-24T20:45:56.416972,"{""revenue"": {""filed_date"": ""2018-09-06"", ""form_type"": ""10-K""}, ""operating_income"": {""filed_date"": ""2025-05-20"", ""form_type"": ""10-Q""}, ""net_income"": {""filed_date"": ""2025-05-20"", ""form_type"": ""10-Q""}, ""total_assets"": {""filed_date"": ""2025-05-20"", ""form_type"": ""10-Q""}, ""current_assets"": {""filed_date"": ""2025-05-20"", ""form_type"": ""10-Q""}, ""current_liabilities"": {""filed_date"": ""2025-05-20"", ""form_type"": ""10-Q""}, ""long_term_debt"": {""filed_date"": ""2025-05-20"", ""form_type"": ""10-Q""}, ""cash_and_equivalents"": {""filed_date"": ""2025-05-20"", ""form_type"": ""10-Q""}, ""ppe"": {""filed_date"": ""2025-05-20"", ""form_type"": ""10-Q""}, ""stockholders_equity"": {""filed_date"": ""2025-05-20"", ""form_type"": ""10-Q""}, ""operating_cash_flow"": {""filed_date"": ""2025-05-20"", ""form_type"": ""10-Q""}, ""capex"": {""filed_date"": ""2025-05-20"", ""form_type"": ""10-Q""}, ""total_debt"": {""filed_date"": ""2025-05-20"", ""form_type"": ""10-Q""}, ""shares_outstanding"": {""filed_date"": ""2025-05-20"", ""form_type"": ""10-Q""}}",9
GOOG,Alphabet Inc.,0.026716029977130684,0.23441098921081344,5,,-0.0038958936285173654,1,5,2,10,3,0.34231391499073194,0.34231391499073194,1.0185061208875288,193.1999969482422,2335807111168.0,135705001984.0,9.38,186662000000.0,62736000000.0,61877000000.0,Communication Services,1.54,2025-07-24T20:47:17.093046,True,True,2025-07-24T20:45:56.416972,"{""revenue"": {""filed_date"": ""2025-07-24"", ""form_type"": ""10-Q""}, ""operating_income"": {""filed_date"": ""2025-07-24"", ""form_type"": ""10-Q""}, ""net_income"": {""filed_date"": ""2025-07-24"", ""form_type"": ""10-Q""}, ""total_assets"": {""filed_date"": ""2025-07-24"", ""form_type"": ""10-Q""}, ""current_assets"": {""filed_date"": ""2025-07-24"", ""form_type"": ""10-Q""}, ""current_liabilities"": {""filed_date"": ""2025-07-24"", ""form_type"": ""10-Q""}, ""long_term_debt"": {""filed_date"": ""2025-02-05"", ""form_type"": ""10-K""}, ""cash_and_equivalents"": {""filed_date"": ""2025-07-24"", ""form_type"": ""10-Q""}, ""ppe"": {""filed_date"": ""2025-04-25"", ""form_type"": ""10-Q""}, ""stockholders_equity"": {""filed_date"": ""2025-07-24"", ""form_type"": ""10-Q""}, ""operating_cash_flow"": {""filed_date"": ""2025-07-24"", ""form_type"": ""10-Q""}, ""capex"": {""filed_date"": ""2025-07-24"", ""form_type"": ""10-Q""}, ""total_debt"": {""filed_date"": ""2018-04-24"", ""form_type"": ""10-Q""}, ""shares_outstanding"": {""filed_date"": ""2025-07-24"", ""form_type"": ""10-Q""}}",10
GOOGL,Alphabet Inc.,0.02667928384323419,0.23441098921081344,5,,-0.001481359676333535,1,5,2,10,3,0.34231391499073194,0.34231391499073194,1.0185061208875288,192.1699981689453,2338997141504.0,135705001984.0,9.38,186662000000.0,62736000000.0,61877000000.0,Communication Services,1.88,2025-07-24T20:47:17.092926,True,True,2025-07-24T20:45:56.416972,"{""revenue"": {""filed_date"": ""2025-07-24"", ""form_type"": ""10-Q""}, ""operating_income"": {""filed_date"": ""2025-07-24"", ""form_type"": ""10-Q""}, ""net_income"": {""filed_date"": ""2025-07-24"", ""form_type"": ""10-Q""}, ""total_assets"": {""filed_date"": ""2025-07-24"", ""form_type"": ""10-Q""}, ""current_assets"": {""filed_date"": ""2025-07-24"", ""form_type"": ""10-Q""}, ""current_liabilities"": {""filed_date"": ""2025-07-24"", ""form_type"": ""10-Q""}, ""long_term_debt"": {""filed_date"": ""2025-02-05"", ""form_type"": ""10-K""}, ""cash_and_equivalents"": {""filed_date"": ""2025-07-24"", ""form_type"": ""10-Q""}, ""ppe"": {""filed_date"": ""2025-04-25"", ""form_type"": ""10-Q""}, ""stockholders_equity"": {""filed_date"": ""2025-07-24"", ""form_type"": ""10-Q""}, ""operating_cash_flow"": {""filed_date"": ""2025-07-24"", ""form_type"": ""10-Q""}, ""capex"": {""filed_date"": ""2025-07-24"", ""form_type"": ""10-Q""}, ""total_debt"": {""filed_date"": ""2018-04-24"", ""form_type"": ""10-Q""}, ""shares_outstanding"": {""filed_date"": ""2025-07-24"", ""form_type"": ""10-Q""}}",11
ORCL,Oracle Corporation,0.026052488797514702,0.4985616786056743,5,,0.5307769318834816,3,5,2,10,4,0.3627415111761529,0.3627415111761529,1.673310294944949,242.8300018310547,682068213760.0,23485999104.0,4.33,57399000000.0,12443000000.0,17678000000.0,Technology,0.68,2025-07-24T20:47:17.093538,True,True,2025-07-24T20:45:56.416972,"{""revenue"": {""filed_date"": ""2025-06-18"", ""form_type"": ""10-K""}, ""operating_income"": {""filed_date"": ""2025-06-18"", ""form_type"": ""10-K""}, ""net_income"": {""filed_date"": ""2025-06-18"", ""form_type"": ""10-K""}, ""total_assets"": {""filed_date"": ""2025-06-18"", ""form_type"": ""10-K""}, ""current_assets"": {""filed_date"": ""2025-06-18"", ""form_type"": ""10-K""}, ""current_liabilities"": {""filed_date"": ""2025-06-18"", ""form_type"": ""10-K""}, ""long_term_debt"": {""filed_date"": ""2022-06-21"", ""form_type"": ""10-K""}, ""cash_and_equivalents"": {""filed_date"": ""2025-06-18"", ""form_type"": ""10-K""}, ""ppe"": {""filed_date"": ""2025-06-18"", ""form_type"": ""10-K""}, ""stockholders_equity"": {""filed_date"": ""2025-06-18"", ""form_type"": ""10-K""}, ""operating_cash_flow"": {""filed_date"": ""2025-06-18"", ""form_type"": ""10-K""}, ""capex"": {""filed_date"": ""2025-06-18"", ""form_type"": ""10-K""}, ""total_debt"": {""filed_date"": ""2025-06-18"", ""form_type"": ""10-K""}, ""shares_outstanding"": {""filed_date"": ""2025-06-18"", ""form_type"": ""10-K""}}",12
MSFT,Microsoft Corporation,0.02471800678752305,0.4161420992415307,5,,0.2078859098174287,3,5,2,10,4,2.5870034303419276,2.5870034303419276,1.2535690826954784,510.8800048828125,3797136179200.0,149172994048.0,12.95,36148000000.0,74599000000.0,94205000000.0,Technology,6.38,2025-07-24T20:47:17.092603,True,True,2025-07-24T20:45:56.416972,"{""revenue"": {""filed_date"": ""2011-01-27"", ""form_type"": ""10-Q""}, ""operating_income"": {""filed_date"": ""2025-04-30"", ""form_type"": ""10-Q""}, ""net_income"": {""filed_date"": ""2025-04-30"", ""form_type"": ""10-Q""}, ""total_assets"": {""filed_date"": ""2025-04-30"", ""form_type"": ""10-Q""}, ""current_assets"": {""filed_date"": ""2025-04-30"", ""form_type"": ""10-Q""}, ""current_liabilities"": {""filed_date"": ""2025-04-30"", ""form_type"": ""10-Q""}, ""long_term_debt"": {""filed_date"": ""2025-04-30"", ""form_type"": ""10-Q""}, ""cash_and_equivalents"": {""filed_date"": ""2025-04-30"", ""form_type"": ""10-Q""}, ""ppe"": {""filed_date"": ""2025-04-30"", ""form_type"": ""10-Q""}, ""stockholders_equity"": {""filed_date"": ""2025-04-30"", ""form_type"": ""10-Q""}, ""operating_cash_flow"": {""filed_date"": ""2025-04-30"", ""form_type"": ""10-Q""}, ""capex"": {""filed_date"": ""2025-04-30"", ""form_type"": ""10-Q""}, ""total_debt"": {""filed_date"": ""2025-04-30"", ""form_type"": ""10-Q""}, ""shares_outstanding"": {""filed_date"": ""2025-04-30"", ""form_type"": ""10-Q""}}",13
KO,The Coca-Cola Company,0.024478076213130168,0.5138843938118972,3,,0.12618229043586698,3,0,2,3,1,-0.05878127112914131,,-0.19481792717086835,69.0999984741211,297425043456.0,18556999680.0,2.82,23664000000.0,7140000000.0,7939000000.0,Consumer Defensive,0.46,2025-07-24T20:47:17.093962,True,True,2025-07-24T20:45:56.416972,"{""revenue"": {""filed_date"": ""2025-07-24"", ""form_type"": ""10-Q""}, ""operating_income"": {""filed_date"": ""2025-07-24"", ""form_type"": ""10-Q""}, ""net_income"": {""filed_date"": ""2025-07-24"", ""form_type"": ""10-Q""}, ""total_assets"": {""filed_date"": ""2025-07-24"", ""form_type"": ""10-Q""}, ""current_assets"": {""filed_date"": ""2025-07-24"", ""form_type"": ""10-Q""}, ""current_liabilities"": {""filed_date"": ""2025-07-24"", ""form_type"": ""10-Q""}, ""long_term_debt"": {""filed_date"": ""2024-05-02"", ""form_type"": ""10-Q""}, ""cash_and_equivalents"": {""filed_date"": ""2025-07-24"", ""form_type"": ""10-Q""}, ""ppe"": {""filed_date"": ""2025-07-24"", ""form_type"": ""10-Q""}, ""stockholders_equity"": {""filed_date"": ""2025-07-24"", ""form_type"": ""10-Q""}, ""operating_cash_flow"": {""filed_date"": ""2025-07-24"", ""form_type"": ""10-Q""}, ""capex"": {""filed_date"": ""2025-07-24"", ""form_type"": ""10-Q""}, ""total_debt"": {""filed_date"": ""2024-05-02"", ""form_type"": ""10-Q""}, ""shares_outstanding"": {""filed_date"": ""2025-07-24"", ""form_type"": ""10-Q""}}",14
LLY,Eli Lilly and Company,0.024313490000043642,0.5933367584942294,4,,0.06714882925225713,2,4,2,9,4,0.13085595317594376,0.13085595317594376,0.6036313557786395,805.4299926757812,723063472128.0,22003300352.0,12.3,12728500000.0,2759300000.0,17602640281.600002,Healthcare,1.09,2025-07-24T20:47:17.093170,True,True,2025-07-24T20:45:56.416972,"{""revenue"": {""filed_date"": ""2025-05-01"", ""form_type"": ""10-Q""}, ""net_income"": {""filed_date"": ""2025-05-01"", ""form_type"": ""10-Q""}, ""total_assets"": {""filed_date"": ""2025-05-01"", ""form_type"": ""10-Q""}, ""current_assets"": {""filed_date"": ""2025-05-01"", ""form_type"": ""10-Q""}, ""current_liabilities"": {""filed_date"": ""2025-05-01"", ""form_type"": ""10-Q""}, ""long_term_debt"": {""filed_date"": ""2025-02-19"", ""form_type"": ""10-K""}, ""cash_and_equivalents"": {""filed_date"": ""2025-05-01"", ""form_type"": ""10-Q""}, ""ppe"": {""filed_date"": ""2025-05-01"", ""form_type"": ""10-Q""}, ""stockholders_equity"": {""filed_date"": ""2025-05-01"", ""form_type"": ""10-Q""}, ""operating_cash_flow"": {""filed_date"": ""2025-05-01"", ""form_type"": ""10-Q""}, ""total_debt"": {""filed_date"": ""2025-05-01"", ""form_type"": ""10-Q""}, ""shares_outstanding"": {""filed_date"": ""2025-05-01"", ""form_type"": ""10-Q""}}",15
AAPL,Apple Inc.,0.022237442623167757,3.4520711187377855,5,,-0.06126501415777584,1,4,2,10,3,0.2028916207006909,0.2028916207006909,0.8818033055146457,213.75999450683594,3192676417536.0,138865999872.0,6.42,265595000000.0,61110000000.0,72421000000.0,Technology,5.37,2025-07-24T20:47:17.092677,True,True,2025-07-24T20:45:56.416972,"{""revenue"": {""filed_date"": ""2018-11-05"", ""form_type"": ""10-K""}, ""operating_income"": {""filed_date"": ""2025-05-02"", ""form_type"": ""10-Q""}, ""net_income"": {""filed_date"": ""2025-05-02"", ""form_type"": ""10-Q""}, ""total_assets"": {""filed_date"": ""2025-05-02"", ""form_type"": ""10-Q""}, ""current_assets"": {""filed_date"": ""2025-05-02"", ""form_type"": ""10-Q""}, ""current_liabilities"": {""filed_date"": ""2025-05-02"", ""form_type"": ""10-Q""}, ""long_term_debt"": {""filed_date"": ""2025-05-02"", ""form_type"": ""10-Q""}, ""cash_and_equivalents"": {""filed_date"": ""2025-05-02"", ""form_type"": ""10-Q""}, ""ppe"": {""filed_date"": ""2025-05-02"", ""form_type"": ""10-Q""}, ""stockholders_equity"": {""filed_date"": ""2025-05-02"", ""form_type"": ""10-Q""}, ""operating_cash_flow"": {""filed_date"": ""2025-05-02"", ""form_type"": ""10-Q""}, ""capex"": {""filed_date"": ""2025-05-02"", ""form_type"": ""10-Q""}, ""total_debt"": {""filed_date"": ""2025-05-02"", ""form_type"": ""10-Q""}, ""shares_outstanding"": {""filed_date"": ""2025-05-02"", ""form_type"": ""10-Q""}}",16
PEP,"PepsiCo, Inc.",0.022159514011678615,0.212119741885401,4,,0.0057822934189733395,2,2,2,7,3,0.024504859146266454,0.024504859146266454,0.3216015498869874,144.50999450683594,197845745664.0,17043000320.0,5.49,40645000000.0,3097000000.0,4372000000.0,Consumer Defensive,0.34,2025-07-24T20:47:17.094588,True,True,2025-07-24T20:45:56.416972,"{""revenue"": {""filed_date"": ""2025-07-17"", ""form_type"": ""10-Q""}, ""operating_income"": {""filed_date"": ""2025-07-17"", ""form_type"": ""10-Q""}, ""net_income"": {""filed_date"": ""2025-07-17"", ""form_type"": ""10-Q""}, ""total_assets"": {""filed_date"": ""2025-07-17"", ""form_type"": ""10-Q""}, ""current_assets"": {""filed_date"": ""2025-07-17"", ""form_type"": ""10-Q""}, ""current_liabilities"": {""filed_date"": ""2025-07-17"", ""form_type"": ""10-Q""}, ""long_term_debt"": {""filed_date"": ""2025-02-04"", ""form_type"": ""10-K""}, ""cash_and_equivalents"": {""filed_date"": ""2025-07-17"", ""form_type"": ""10-Q""}, ""ppe"": {""filed_date"": ""2025-07-17"", ""form_type"": ""10-Q""}, ""stockholders_equity"": {""filed_date"": ""2025-07-17"", ""form_type"": ""10-Q""}, ""operating_cash_flow"": {""filed_date"": ""2025-07-17"", ""form_type"": ""10-Q""}, ""total_debt"": {""filed_date"": ""2025-02-04"", ""form_type"": ""10-K""}, ""shares_outstanding"": {""filed_date"": ""2025-07-17"", ""form_type"": ""10-Q""}}",17
INTU,Intuit Inc.,0.02157448615562874,0.8671963677639046,5,,0.2904200663330021,3,5,2,10,4,0.3884,0.3884,1.6702981651376148,781.2100219726562,217916194816.0,5330999808.0,12.26,15000000000.0,3488000000.0,4584000000.0,Technology,0.36,2025-07-24T20:47:17.094456,True,True,2025-07-24T20:45:56.416972,"{""revenue"": {""filed_date"": ""2025-05-22"", ""form_type"": ""10-Q""}, ""operating_income"": {""filed_date"": ""2025-05-22"", ""form_type"": ""10-Q""}, ""net_income"": {""filed_date"": ""2025-05-22"", ""form_type"": ""10-Q""}, ""total_assets"": {""filed_date"": ""2025-05-22"", ""form_type"": ""10-Q""}, ""current_assets"": {""filed_date"": ""2025-05-22"", ""form_type"": ""10-Q""}, ""current_liabilities"": {""filed_date"": ""2025-05-22"", ""form_type"": ""10-Q""}, ""long_term_debt"": {""filed_date"": ""2025-05-22"", ""form_type"": ""10-Q""}, ""cash_and_equivalents"": {""filed_date"": ""2025-05-22"", ""form_type"": ""10-Q""}, ""ppe"": {""filed_date"": ""2025-05-22"", ""form_type"": ""10-Q""}, ""stockholders_equity"": {""filed_date"": ""2025-05-22"", ""form_type"": ""10-Q""}, ""operating_cash_flow"": {""filed_date"": ""2025-05-22"", ""form_type"": ""10-Q""}, ""capex"": {""filed_date"": ""2025-05-22"", ""form_type"": ""10-Q""}, ""total_debt"": {""filed_date"": ""2021-09-08"", ""form_type"": ""10-K""}, ""shares_outstanding"": {""filed_date"": ""2024-09-04"", ""form_type"": ""10-K""}}",18
COST,Costco Wholesale Corporation,0.017306429244536785,0.22603838993387687,6,,0.01772191861539499,2,3,2,9,4,0.05007430756456296,0.05007430756456296,1.7249043541628712,933.7999877929688,414118805504.0,12442000384.0,17.6,189079000000.0,5489000000.0,7042000000.0,Consumer Defensive,0.71,2025-07-24T20:47:17.093406,True,True,2025-07-24T20:45:56.416972,"{""revenue"": {""filed_date"": ""2025-06-05"", ""form_type"": ""10-Q""}, ""operating_income"": {""filed_date"": ""2025-06-05"", ""form_type"": ""10-Q""}, ""net_income"": {""filed_date"": ""2025-06-05"", ""form_type"": ""10-Q""}, ""total_assets"": {""filed_date"": ""2025-06-05"", ""form_type"": ""10-Q""}, ""current_assets"": {""filed_date"": ""2025-06-05"", ""form_type"": ""10-Q""}, ""current_liabilities"": {""filed_date"": ""2025-06-05"", ""form_type"": ""10-Q""}, ""long_term_debt"": {""filed_date"": ""2022-06-02"", ""form_type"": ""10-Q""}, ""cash_and_equivalents"": {""filed_date"": ""2025-06-05"", ""form_type"": ""10-Q""}, ""ppe"": {""filed_date"": ""2025-06-05"", ""form_type"": ""10-Q""}, ""stockholders_equity"": {""filed_date"": ""2025-06-05"", ""form_type"": ""10-Q""}, ""operating_cash_flow"": {""filed_date"": ""2025-06-05"", ""form_type"": ""10-Q""}, ""capex"": {""filed_date"": ""2025-06-05"", ""form_type"": ""10-Q""}, ""total_debt"": {""filed_date"": ""2022-06-02"", ""form_type"": ""10-Q""}, ""shares_outstanding"": {""filed_date"": ""2025-06-05"", ""form_type"": ""10-Q""}}",19
RTX,RTX Corporation,0.017130739184967686,0.2529340592861464,4,,0.301684115336721,3,2,2,7,3,0.021836062325051402,0.021836062325051402,0.5523182957393483,155.22000122070312,207768190976.0,14565000192.0,4.55,80738000000.0,3192000000.0,4181000000.0,Industrials,0.36,2025-07-24T20:47:17.094546,True,True,2025-07-24T20:45:56.416972,"{""revenue"": {""filed_date"": ""2025-02-03"", ""form_type"": ""10-K""}, ""operating_income"": {""filed_date"": ""2025-07-22"", ""form_type"": ""10-Q""}, ""net_income"": {""filed_date"": ""2025-07-22"", ""form_type"": ""10-Q""}, ""total_assets"": {""filed_date"": ""2025-07-22"", ""form_type"": ""10-Q""}, ""current_assets"": {""filed_date"": ""2025-07-22"", ""form_type"": ""10-Q""}, ""current_liabilities"": {""filed_date"": ""2025-07-22"", ""form_type"": ""10-Q""}, ""long_term_debt"": {""filed_date"": ""2025-02-03"", ""form_type"": ""10-K""}, ""cash_and_equivalents"": {""filed_date"": ""2025-07-22"", ""form_type"": ""10-Q""}, ""ppe"": {""filed_date"": ""2025-07-22"", ""form_type"": ""10-Q""}, ""stockholders_equity"": {""filed_date"": ""2025-07-22"", ""form_type"": ""10-Q""}, ""operating_cash_flow"": {""filed_date"": ""2025-07-22"", ""form_type"": ""10-Q""}, ""capex"": {""filed_date"": ""2025-07-22"", ""form_type"": ""10-Q""}, ""total_debt"": {""filed_date"": ""2025-02-03"", ""form_type"": ""10-K""}, ""shares_outstanding"": {""filed_date"": ""2010-02-11"", ""form_type"": ""10-K""}}",20
V,Visa Inc.,0.017122638701965415,1.7744829683698298,5,,0.11947819983789175,3,5,2,10,4,0.4619152247551039,0.4619152247551039,1.0407384488448845,353.9700012207031,691480428544.0,26225000448.0,9.95,21846000000.0,9696000000.0,11669000000.0,Financial Services,1.03,2025-07-24T20:47:17.093229,True,True,2025-07-24T20:45:56.416972,"{""revenue"": {""filed_date"": ""2020-11-19"", ""form_type"": ""10-K""}, ""operating_income"": {""filed_date"": ""2025-04-30"", ""form_type"": ""10-Q""}, ""net_income"": {""filed_date"": ""2025-04-30"", ""form_type"": ""10-Q""}, ""total_assets"": {""filed_date"": ""2025-04-30"", ""form_type"": ""10-Q""}, ""current_assets"": {""filed_date"": ""2025-04-30"", ""form_type"": ""10-Q""}, ""current_liabilities"": {""filed_date"": ""2025-04-30"", ""form_type"": ""10-Q""}, ""long_term_debt"": {""filed_date"": ""2022-01-28"", ""form_type"": ""10-Q""}, ""cash_and_equivalents"": {""filed_date"": ""2025-04-30"", ""form_type"": ""10-Q""}, ""ppe"": {""filed_date"": ""2025-04-30"", ""form_type"": ""10-Q""}, ""stockholders_equity"": {""filed_date"": ""2011-11-18"", ""form_type"": ""10-K""}, ""operating_cash_flow"": {""filed_date"": ""2025-04-30"", ""form_type"": ""10-Q""}, ""total_debt"": {""filed_date"": ""2017-07-20"", ""form_type"": ""10-Q""}}",21
JNJ,Johnson & Johnson,0.014737115629792462,0.2616876992859388,4,,0.16655972775929676,3,4,2,9,4,0.14358828040016405,0.14358828040016405,0.4869375907111756,169.55999755859375,407973232640.0,30265999360.0,9.33,56077000000.0,16536000000.0,5827000000.0,Healthcare,0.69,2025-07-24T20:47:17.093494,True,True,2025-07-24T20:45:56.416972,"{""revenue"": {""filed_date"": ""2014-10-30"", ""form_type"": ""10-Q""}, ""operating_income"": {""filed_date"": ""2015-05-01"", ""form_type"": ""10-Q""}, ""net_income"": {""filed_date"": ""2025-07-24"", ""form_type"": ""10-Q""}, ""total_assets"": {""filed_date"": ""2025-07-24"", ""form_type"": ""10-Q""}, ""current_assets"": {""filed_date"": ""2025-07-24"", ""form_type"": ""10-Q""}, ""current_liabilities"": {""filed_date"": ""2025-07-24"", ""form_type"": ""10-Q""}, ""long_term_debt"": {""filed_date"": ""2025-02-13"", ""form_type"": ""10-K""}, ""cash_and_equivalents"": {""filed_date"": ""2025-07-24"", ""form_type"": ""10-Q""}, ""ppe"": {""filed_date"": ""2025-07-24"", ""form_type"": ""10-Q""}, ""stockholders_equity"": {""filed_date"": ""2025-07-24"", ""form_type"": ""10-Q""}, ""operating_cash_flow"": {""filed_date"": ""2025-07-24"", ""form_type"": ""10-Q""}, ""capex"": {""filed_date"": ""2025-07-24"", ""form_type"": ""10-Q""}, ""total_debt"": {""filed_date"": ""2025-02-13"", ""form_type"": ""10-K""}, ""shares_outstanding"": {""filed_date"": ""2025-07-24"", ""form_type"": ""10-Q""}}",22
NFLX,"Netflix, Inc.",0.013852900917232113,1.485438549688935,4,,0.4017118565593755,3,4,2,9,4,0.24107228542158074,0.24107228542158074,0.8664663374427587,1180.760009765625,501735653376.0,12624468992.0,23.42,21621967000.0,6015764000.0,7121693000.0,Communication Services,0.85,2025-07-24T20:47:17.093275,True,True,2025-07-24T20:45:56.416972,"{""revenue"": {""filed_date"": ""2025-07-18"", ""form_type"": ""10-Q""}, ""operating_income"": {""filed_date"": ""2025-07-18"", ""form_type"": ""10-Q""}, ""net_income"": {""filed_date"": ""2025-07-18"", ""form_type"": ""10-Q""}, ""total_assets"": {""filed_date"": ""2025-07-18"", ""form_type"": ""10-Q""}, ""current_assets"": {""filed_date"": ""2025-07-18"", ""form_type"": ""10-Q""}, ""current_liabilities"": {""filed_date"": ""2025-07-18"", ""form_type"": ""10-Q""}, ""long_term_debt"": {""filed_date"": ""2021-10-21"", ""form_type"": ""10-Q""}, ""cash_and_equivalents"": {""filed_date"": ""2025-07-18"", ""form_type"": ""10-Q""}, ""ppe"": {""filed_date"": ""2025-07-18"", ""form_type"": ""10-Q""}, ""stockholders_equity"": {""filed_date"": ""2025-07-18"", ""form_type"": ""10-Q""}, ""operating_cash_flow"": {""filed_date"": ""2025-07-18"", ""form_type"": ""10-Q""}, ""capex"": {""filed_date"": ""2025-07-18"", ""form_type"": ""10-Q""}, ""total_debt"": {""filed_date"": ""2021-10-21"", ""form_type"": ""10-Q""}, ""shares_outstanding"": {""filed_date"": ""2025-07-18"", ""form_type"": ""10-Q""}}",23
IBM,International Business Machines Corporation,0.013509454572616523,1.7130801687763713,5,,0.18562235023281493,3,5,2,10,4,0.19261397886988801,0.19261397886988801,1.868574946137273,260.510009765625,242117214208.0,13950000128.0,6.2,31519000000.0,3249000000.0,3248000000.0,Technology,0.45,2025-07-24T20:47:17.094051,True,True,2025-07-24T20:45:56.416972,"{""revenue"": {""filed_date"": ""2025-07-24"", ""form_type"": ""10-Q""}, ""operating_income"": {""filed_date"": ""2025-07-24"", ""form_type"": ""10-Q""}, ""net_income"": {""filed_date"": ""2025-07-24"", ""form_type"": ""10-Q""}, ""total_assets"": {""filed_date"": ""2025-07-24"", ""form_type"": ""10-Q""}, ""current_assets"": {""filed_date"": ""2025-07-24"", ""form_type"": ""10-Q""}, ""current_liabilities"": {""filed_date"": ""2025-07-24"", ""form_type"": ""10-Q""}, ""long_term_debt"": {""filed_date"": ""2019-10-30"", ""form_type"": ""10-Q""}, ""cash_and_equivalents"": {""filed_date"": ""2025-07-24"", ""form_type"": ""10-Q""}, ""ppe"": {""filed_date"": ""2023-10-31"", ""form_type"": ""10-Q""}, ""stockholders_equity"": {""filed_date"": ""2025-07-24"", ""form_type"": ""10-Q""}, ""operating_cash_flow"": {""filed_date"": ""2025-07-24"", ""form_type"": ""10-Q""}, ""capex"": {""filed_date"": ""2025-07-24"", ""form_type"": ""10-Q""}, ""total_debt"": {""filed_date"": ""2019-04-30"", ""form_type"": ""10-Q""}, ""shares_outstanding"": {""filed_date"": ""2025-02-25"", ""form_type"": ""10-K""}}",24
PM,Philip Morris International Inc.,0.013473377519534644,58.09836065573771,3,,0.366655312976698,3,0,1,3,1,-0.03763036232663154,,-0.13011152416356878,161.0800018310547,250724237312.0,15964000256.0,6.75,9301000000.0,2690000000.0,3544000000.0,Consumer Defensive,0.44,2025-07-24T20:47:17.094095,True,True,2025-07-24T20:45:56.416972,"{""revenue"": {""filed_date"": ""2025-04-24"", ""form_type"": ""10-Q""}, ""operating_income"": {""filed_date"": ""2025-04-24"", ""form_type"": ""10-Q""}, ""net_income"": {""filed_date"": ""2025-04-24"", ""form_type"": ""10-Q""}, ""total_assets"": {""filed_date"": ""2025-04-24"", ""form_type"": ""10-Q""}, ""current_assets"": {""filed_date"": ""2025-04-24"", ""form_type"": ""10-Q""}, ""current_liabilities"": {""filed_date"": ""2025-04-24"", ""form_type"": ""10-Q""}, ""long_term_debt"": {""filed_date"": ""2012-05-04"", ""form_type"": ""10-Q""}, ""cash_and_equivalents"": {""filed_date"": ""2025-04-24"", ""form_type"": ""10-Q""}, ""ppe"": {""filed_date"": ""2021-04-27"", ""form_type"": ""10-Q""}, ""stockholders_equity"": {""filed_date"": ""2025-04-24"", ""form_type"": ""10-Q""}, ""operating_cash_flow"": {""filed_date"": ""2025-04-24"", ""form_type"": ""10-Q""}, ""capex"": {""filed_date"": ""2025-04-24"", ""form_type"": ""10-Q""}, ""total_debt"": {""filed_date"": ""2012-05-04"", ""form_type"": ""10-Q""}, ""shares_outstanding"": {""filed_date"": ""2011-02-25"", ""form_type"": ""10-K""}}",25
MCD,McDonald's Corporation,0.012650188688746906,0.10001510802235987,5,,0.06477473103448275,2,5,1,10,4,0.4076561450638012,0.4076561450638012,1.2997858672376874,294.4800109863281,210562940928.0,13895999488.0,11.33,5956000000.0,1868000000.0,2648000000.0,Consumer Cyclical,0.36,2025-07-24T20:47:17.094413,True,True,2025-07-24T20:45:56.416972,"{""revenue"": {""filed_date"": ""2025-05-12"", ""form_type"": ""10-Q""}, ""operating_income"": {""filed_date"": ""2025-05-12"", ""form_type"": ""10-Q""}, ""net_income"": {""filed_date"": ""2025-05-12"", ""form_type"": ""10-Q""}, ""total_assets"": {""filed_date"": ""2025-05-12"", ""form_type"": ""10-Q""}, ""current_assets"": {""filed_date"": ""2025-05-12"", ""form_type"": ""10-Q""}, ""current_liabilities"": {""filed_date"": ""2025-05-12"", ""form_type"": ""10-Q""}, ""long_term_debt"": {""filed_date"": ""2025-02-25"", ""form_type"": ""10-K""}, ""cash_and_equivalents"": {""filed_date"": ""2025-05-12"", ""form_type"": ""10-Q""}, ""ppe"": {""filed_date"": ""2025-05-12"", ""form_type"": ""10-Q""}, ""stockholders_equity"": {""filed_date"": ""2025-05-12"", ""form_type"": ""10-Q""}, ""operating_cash_flow"": {""filed_date"": ""2025-05-12"", ""form_type"": ""10-Q""}, ""capex"": {""filed_date"": ""2025-05-12"", ""form_type"": ""10-Q""}, ""total_debt"": {""filed_date"": ""2025-02-25"", ""form_type"": ""10-K""}, ""shares_outstanding"": {""filed_date"": ""2025-05-12"", ""form_type"": ""10-Q""}}",26
HD,"The Home Depot, Inc.",0.012186792735245654,0.17271197846567968,5,,-0.07705036620800325,1,3,2,8,2,0.08180287870477199,0.08180287870477199,1.2598310515584037,373.0899963378906,371197673472.0,25497999360.0,14.72,52871000000.0,3433000000.0,5133000000.0,Consumer Cyclical,0.64,2025-07-24T20:47:17.093581,True,True,2025-07-24T20:45:56.416972,"{""revenue"": {""filed_date"": ""2010-12-02"", ""form_type"": ""10-Q""}, ""operating_income"": {""filed_date"": ""2025-05-28"", ""form_type"": ""10-Q""}, ""net_income"": {""filed_date"": ""2025-05-28"", ""form_type"": ""10-Q""}, ""total_assets"": {""filed_date"": ""2025-05-28"", ""form_type"": ""10-Q""}, ""current_assets"": {""filed_date"": ""2025-05-28"", ""form_type"": ""10-Q""}, ""current_liabilities"": {""filed_date"": ""2025-05-28"", ""form_type"": ""10-Q""}, ""long_term_debt"": {""filed_date"": ""2025-03-21"", ""form_type"": ""10-K""}, ""cash_and_equivalents"": {""filed_date"": ""2025-05-28"", ""form_type"": ""10-Q""}, ""ppe"": {""filed_date"": ""2025-05-28"", ""form_type"": ""10-Q""}, ""stockholders_equity"": {""filed_date"": ""2025-05-28"", ""form_type"": ""10-Q""}, ""operating_cash_flow"": {""filed_date"": ""2025-05-28"", ""form_type"": ""10-Q""}, ""total_debt"": {""filed_date"": ""2025-03-21"", ""form_type"": ""10-K""}, ""shares_outstanding"": {""filed_date"": ""2025-05-28"", ""form_type"": ""10-Q""}}",27
CAT,Caterpillar Inc.,0.0108884405957902,0.10810697518443997,3,,0.14244424840709735,3,2,2,6,2,0.09046248859569092,0.09046248859569092,0.3812481514344868,429.5199890136719,202009690112.0,14789999616.0,20.48,14249000000.0,3381000000.0,2579000000.0,Industrials,0.34,2025-07-24T20:47:17.094629,True,True,2025-07-24T20:45:56.416972,"{""revenue"": {""filed_date"": ""2025-05-07"", ""form_type"": ""10-Q""}, ""operating_income"": {""filed_date"": ""2025-05-07"", ""form_type"": ""10-Q""}, ""net_income"": {""filed_date"": ""2011-11-04"", ""form_type"": ""10-Q""}, ""total_assets"": {""filed_date"": ""2025-05-07"", ""form_type"": ""10-Q""}, ""current_assets"": {""filed_date"": ""2025-05-07"", ""form_type"": ""10-Q""}, ""current_liabilities"": {""filed_date"": ""2025-05-07"", ""form_type"": ""10-Q""}, ""long_term_debt"": {""filed_date"": ""2025-02-14"", ""form_type"": ""10-K""}, ""cash_and_equivalents"": {""filed_date"": ""2025-05-07"", ""form_type"": ""10-Q""}, ""ppe"": {""filed_date"": ""2025-05-07"", ""form_type"": ""10-Q""}, ""stockholders_equity"": {""filed_date"": ""2025-05-07"", ""form_type"": ""10-Q""}, ""operating_cash_flow"": {""filed_date"": ""2025-05-07"", ""form_type"": ""10-Q""}, ""capex"": {""filed_date"": ""2025-05-07"", ""form_type"": ""10-Q""}, ""shares_outstanding"": {""filed_date"": ""2025-05-07"", ""form_type"": ""10-Q""}}",28
META,"Meta Platforms, Inc.",0.009767324894263829,0.17799205093888146,5,,0.17125210134711238,3,5,2,10,4,0.6172541362655432,0.6172541362655432,1.4435231915404951,714.7999877929688,1797243142144.0,87979999232.0,25.55,38924000000.0,16644000000.0,17555000000.0,Communication Services,2.65,2025-07-24T20:47:17.092807,True,True,2025-07-24T20:45:56.416972,"{""revenue"": {""filed_date"": ""2018-10-31"", ""form_type"": ""10-Q""}, ""operating_income"": {""filed_date"": ""2025-05-01"", ""form_type"": ""10-Q""}, ""net_income"": {""filed_date"": ""2025-05-01"", ""form_type"": ""10-Q""}, ""total_assets"": {""filed_date"": ""2025-05-01"", ""form_type"": ""10-Q""}, ""current_assets"": {""filed_date"": ""2025-05-01"", ""form_type"": ""10-Q""}, ""current_liabilities"": {""filed_date"": ""2025-05-01"", ""form_type"": ""10-Q""}, ""long_term_debt"": {""filed_date"": ""2025-01-30"", ""form_type"": ""10-K""}, ""cash_and_equivalents"": {""filed_date"": ""2025-05-01"", ""form_type"": ""10-Q""}, ""ppe"": {""filed_date"": ""2020-10-30"", ""form_type"": ""10-Q""}, ""stockholders_equity"": {""filed_date"": ""2025-05-01"", ""form_type"": ""10-Q""}, ""operating_cash_flow"": {""filed_date"": ""2025-05-01"", ""form_type"": ""10-Q""}, ""capex"": {""filed_date"": ""2025-05-01"", ""form_type"": ""10-Q""}, ""total_debt"": {""filed_date"": ""2025-01-30"", ""form_type"": ""10-K""}, ""shares_outstanding"": {""filed_date"": ""2025-05-01"", ""form_type"": ""10-Q""}}",29
ABBV,AbbVie Inc.,0.009361799571693452,0.884,4,,0.11834768441726337,3,5,2,10,4,0.12253616128306978,0.12253616128306978,1.271384136858476,190.8300018310547,337082122240.0,27366000640.0,2.34,13343000000.0,1286000000.0,3733000000.0,Healthcare,0.57,2025-07-24T20:47:17.093712,True,True,2025-07-24T20:45:56.416972,"{""revenue"": {""filed_date"": ""2025-05-09"", ""form_type"": ""10-Q""}, ""operating_income"": {""filed_date"": ""2025-05-09"", ""form_type"": ""10-Q""}, ""net_income"": {""filed_date"": ""2025-05-09"", ""form_type"": ""10-Q""}, ""total_assets"": {""filed_date"": ""2025-05-09"", ""form_type"": ""10-Q""}, ""current_assets"": {""filed_date"": ""2025-05-09"", ""form_type"": ""10-Q""}, ""current_liabilities"": {""filed_date"": ""2025-05-09"", ""form_type"": ""10-Q""}, ""long_term_debt"": {""filed_date"": ""2025-02-14"", ""form_type"": ""10-K""}, ""cash_and_equivalents"": {""filed_date"": ""2025-05-09"", ""form_type"": ""10-Q""}, ""ppe"": {""filed_date"": ""2025-05-09"", ""form_type"": ""10-Q""}, ""stockholders_equity"": {""filed_date"": ""2025-05-09"", ""form_type"": ""10-Q""}, ""operating_cash_flow"": {""filed_date"": ""2025-05-09"", ""form_type"": ""10-Q""}, ""capex"": {""filed_date"": ""2025-05-09"", ""form_type"": ""10-Q""}, ""total_debt"": {""filed_date"": ""2025-02-14"", ""form_type"": ""10-K""}, ""shares_outstanding"": {""filed_date"": ""2025-05-09"", ""form_type"": ""10-Q""}}",30
LIN,Linde plc,0.009251114578486387,0.09143048520115545,5,,0.09730060277802044,2,5,1,10,4,0.26639546351084814,0.26639546351084814,1.2916915720263,471.489990234375,221941661696.0,12823000064.0,13.77,8112000000.0,1673000000.0,2184000000.0,Basic Materials,0.38,2025-07-24T20:47:17.094284,True,True,2025-07-24T20:45:56.416972,"{""revenue"": {""filed_date"": ""2025-05-01"", ""form_type"": ""10-Q""}, ""operating_income"": {""filed_date"": ""2025-05-01"", ""form_type"": ""10-Q""}, ""net_income"": {""filed_date"": ""2025-05-01"", ""form_type"": ""10-Q""}, ""total_assets"": {""filed_date"": ""2025-05-01"", ""form_type"": ""10-Q""}, ""current_assets"": {""filed_date"": ""2025-05-01"", ""form_type"": ""10-Q""}, ""current_liabilities"": {""filed_date"": ""2025-05-01"", ""form_type"": ""10-Q""}, ""long_term_debt"": {""filed_date"": ""2025-05-01"", ""form_type"": ""10-Q""}, ""cash_and_equivalents"": {""filed_date"": ""2025-05-01"", ""form_type"": ""10-Q""}, ""ppe"": {""filed_date"": ""2025-02-26"", ""form_type"": ""10-K""}, ""stockholders_equity"": {""filed_date"": ""2025-05-01"", ""form_type"": ""10-Q""}, ""operating_cash_flow"": {""filed_date"": ""2025-05-01"", ""form_type"": ""10-Q""}, ""capex"": {""filed_date"": ""2025-05-01"", ""form_type"": ""10-Q""}, ""total_debt"": {""filed_date"": ""2025-05-01"", ""form_type"": ""10-Q""}, ""shares_outstanding"": {""filed_date"": ""2022-02-28"", ""form_type"": ""10-K""}}",31
WMT,Walmart Inc.,0.008945625418303111,0.07236748686532649,6,,0.06352103014140657,2,3,2,9,4,0.03267334504767253,0.03267334504767253,1.2059282371294853,96.5999984741211,770908553216.0,42757001216.0,2.34,165609000000.0,4487000000.0,7135000000.0,Consumer Defensive,0.71,2025-07-24T20:47:17.093450,True,True,2025-07-24T20:45:56.416972,"{""revenue"": {""filed_date"": ""2025-06-06"", ""form_type"": ""10-Q""}, ""operating_income"": {""filed_date"": ""2025-06-06"", ""form_type"": ""10-Q""}, ""net_income"": {""filed_date"": ""2025-06-06"", ""form_type"": ""10-Q""}, ""total_assets"": {""filed_date"": ""2025-06-06"", ""form_type"": ""10-Q""}, ""current_assets"": {""filed_date"": ""2025-06-06"", ""form_type"": ""10-Q""}, ""current_liabilities"": {""filed_date"": ""2025-06-06"", ""form_type"": ""10-Q""}, ""long_term_debt"": {""filed_date"": ""2025-03-14"", ""form_type"": ""10-K""}, ""cash_and_equivalents"": {""filed_date"": ""2025-06-06"", ""form_type"": ""10-Q""}, ""ppe"": {""filed_date"": ""2025-06-06"", ""form_type"": ""10-Q""}, ""stockholders_equity"": {""filed_date"": ""2025-06-06"", ""form_type"": ""10-Q""}, ""operating_cash_flow"": {""filed_date"": ""2025-06-06"", ""form_type"": ""10-Q""}, ""capex"": {""filed_date"": ""2025-06-06"", ""form_type"": ""10-Q""}, ""total_debt"": {""filed_date"": ""2025-03-14"", ""form_type"": ""10-K""}, ""shares_outstanding"": {""filed_date"": ""2012-03-27"", ""form_type"": ""10-K""}}",32
AVGO,Broadcom Inc.,0.008928374794787728,2.9878892733564015,5,,0.26526837964194205,3,5,2,10,4,0.6076362240982348,0.6076362240982348,2.1489397794741305,288.7099914550781,1357938819072.0,31113000960.0,2.75,20848000000.0,5895000000.0,12089000000.0,Technology,2.23,2025-07-24T20:47:17.092867,True,True,2025-07-24T20:45:56.416972,"{""revenue"": {""filed_date"": ""2018-12-21"", ""form_type"": ""10-K""}, ""operating_income"": {""filed_date"": ""2025-06-11"", ""form_type"": ""10-Q""}, ""net_income"": {""filed_date"": ""2024-12-20"", ""form_type"": ""10-K""}, ""total_assets"": {""filed_date"": ""2025-06-11"", ""form_type"": ""10-Q""}, ""current_assets"": {""filed_date"": ""2025-06-11"", ""form_type"": ""10-Q""}, ""current_liabilities"": {""filed_date"": ""2025-06-11"", ""form_type"": ""10-Q""}, ""long_term_debt"": {""filed_date"": ""2022-03-10"", ""form_type"": ""10-Q""}, ""cash_and_equivalents"": {""filed_date"": ""2025-06-11"", ""form_type"": ""10-Q""}, ""ppe"": {""filed_date"": ""2025-06-11"", ""form_type"": ""10-Q""}, ""stockholders_equity"": {""filed_date"": ""2019-12-20"", ""form_type"": ""10-K""}, ""operating_cash_flow"": {""filed_date"": ""2025-06-11"", ""form_type"": ""10-Q""}, ""capex"": {""filed_date"": ""2025-06-11"", ""form_type"": ""10-Q""}, ""total_debt"": {""filed_date"": ""2025-06-11"", ""form_type"": ""10-Q""}, ""shares_outstanding"": {""filed_date"": ""2025-06-11"", ""form_type"": ""10-Q""}}",33
MA,Mastercard Incorporated,0.008229690225528604,1.0004822763443453,5,,0.08031779586891581,2,5,1,10,4,0.32827586206896553,0.32827586206896553,2.735632183908046,563.5,511704203264.0,17977999360.0,14.28,7250000000.0,870000000.0,4149000000.0,Financial Services,0.78,2025-07-24T20:47:17.093362,True,True,2025-07-24T20:45:56.416972,"{""revenue"": {""filed_date"": ""2025-05-01"", ""form_type"": ""10-Q""}, ""operating_income"": {""filed_date"": ""2025-05-01"", ""form_type"": ""10-Q""}, ""net_income"": {""filed_date"": ""2014-05-01"", ""form_type"": ""10-Q""}, ""total_assets"": {""filed_date"": ""2025-05-01"", ""form_type"": ""10-Q""}, ""current_assets"": {""filed_date"": ""2025-05-01"", ""form_type"": ""10-Q""}, ""current_liabilities"": {""filed_date"": ""2025-05-01"", ""form_type"": ""10-Q""}, ""long_term_debt"": {""filed_date"": ""2011-05-03"", ""form_type"": ""10-Q""}, ""cash_and_equivalents"": {""filed_date"": ""2025-05-01"", ""form_type"": ""10-Q""}, ""ppe"": {""filed_date"": ""2025-05-01"", ""form_type"": ""10-Q""}, ""stockholders_equity"": {""filed_date"": ""2025-05-01"", ""form_type"": ""10-Q""}, ""operating_cash_flow"": {""filed_date"": ""2025-05-01"", ""form_type"": ""10-Q""}, ""capex"": {""filed_date"": ""2025-05-01"", ""form_type"": ""10-Q""}, ""total_debt"": {""filed_date"": ""2011-05-03"", ""form_type"": ""10-Q""}, ""shares_outstanding"": {""filed_date"": ""2025-05-01"", ""form_type"": ""10-Q""}}",34
CRM,"Salesforce, Inc.",0.007662919629298077,0.43758449752140605,5,,-0.16079437582603978,0,5,1,10,3,0.7716887925429791,0.7716887925429791,4.2024659312134975,267.70001220703125,255921209344.0,11205999616.0,6.39,8391984000.0,1541000000.0,1942000000.0,Technology,0.42,2025-07-24T20:47:17.094181,True,True,2025-07-24T20:45:56.416972,"{""revenue"": {""filed_date"": ""2017-03-06"", ""form_type"": ""10-K""}, ""operating_income"": {""filed_date"": ""2025-05-29"", ""form_type"": ""10-Q""}, ""net_income"": {""filed_date"": ""2025-05-29"", ""form_type"": ""10-Q""}, ""total_assets"": {""filed_date"": ""2025-05-29"", ""form_type"": ""10-Q""}, ""current_assets"": {""filed_date"": ""2025-05-29"", ""form_type"": ""10-Q""}, ""current_liabilities"": {""filed_date"": ""2025-05-29"", ""form_type"": ""10-Q""}, ""long_term_debt"": {""filed_date"": ""2025-05-29"", ""form_type"": ""10-Q""}, ""cash_and_equivalents"": {""filed_date"": ""2025-05-29"", ""form_type"": ""10-Q""}, ""ppe"": {""filed_date"": ""2021-12-02"", ""form_type"": ""10-Q""}, ""stockholders_equity"": {""filed_date"": ""2025-05-29"", ""form_type"": ""10-Q""}, ""operating_cash_flow"": {""filed_date"": ""2025-05-29"", ""form_type"": ""10-Q""}, ""capex"": {""filed_date"": ""2025-05-29"", ""form_type"": ""10-Q""}, ""total_debt"": {""filed_date"": ""2025-05-29"", ""form_type"": ""10-Q""}, ""shares_outstanding"": {""filed_date"": ""2025-03-05"", ""form_type"": ""10-K""}}",35
AMZN,"Amazon.com, Inc.",0.007487826959134485,0.16970171960721037,5,,0.05243357143756101,2,5,2,10,4,0.7317093539414262,0.7317093539414262,1.7272685915322092,232.22999572753906,2465446494208.0,126144004096.0,6.14,155667000000.0,65944000000.0,18405000000.0,Consumer Cyclical,3.73,2025-07-24T20:47:17.092744,True,True,2025-07-24T20:45:56.416972,"{""revenue"": {""filed_date"": ""2025-05-02"", ""form_type"": ""10-Q""}, ""operating_income"": {""filed_date"": ""2025-05-02"", ""form_type"": ""10-Q""}, ""net_income"": {""filed_date"": ""2025-05-02"", ""form_type"": ""10-Q""}, ""total_assets"": {""filed_date"": ""2025-05-02"", ""form_type"": ""10-Q""}, ""current_assets"": {""filed_date"": ""2025-05-02"", ""form_type"": ""10-Q""}, ""current_liabilities"": {""filed_date"": ""2025-05-02"", ""form_type"": ""10-Q""}, ""long_term_debt"": {""filed_date"": ""2025-05-02"", ""form_type"": ""10-Q""}, ""cash_and_equivalents"": {""filed_date"": ""2025-05-02"", ""form_type"": ""10-Q""}, ""ppe"": {""filed_date"": ""2020-10-30"", ""form_type"": ""10-Q""}, ""stockholders_equity"": {""filed_date"": ""2025-05-02"", ""form_type"": ""10-Q""}, ""operating_cash_flow"": {""filed_date"": ""2025-05-02"", ""form_type"": ""10-Q""}, ""capex"": {""filed_date"": ""2017-04-28"", ""form_type"": ""10-Q""}, ""total_debt"": {""filed_date"": ""2025-05-02"", ""form_type"": ""10-Q""}, ""shares_outstanding"": {""filed_date"": ""2025-05-02"", ""form_type"": ""10-Q""}}",36
ABT,Abbott Laboratories,0.007484973915130643,0.08030928324083297,5,,0.11305907560709554,3,5,2,10,4,0.13680247151959837,0.13680247151959837,1.0694339622641509,125.63999938964844,218593492992.0,11299000320.0,7.97,10358000000.0,1325000000.0,1693000000.0,Healthcare,0.37,2025-07-24T20:47:17.094370,True,True,2025-07-24T20:45:56.416972,"{""revenue"": {""filed_date"": ""2025-04-30"", ""form_type"": ""10-Q""}, ""operating_income"": {""filed_date"": ""2025-04-30"", ""form_type"": ""10-Q""}, ""net_income"": {""filed_date"": ""2025-04-30"", ""form_type"": ""10-Q""}, ""total_assets"": {""filed_date"": ""2025-04-30"", ""form_type"": ""10-Q""}, ""current_assets"": {""filed_date"": ""2025-04-30"", ""form_type"": ""10-Q""}, ""current_liabilities"": {""filed_date"": ""2025-04-30"", ""form_type"": ""10-Q""}, ""long_term_debt"": {""filed_date"": ""2025-02-21"", ""form_type"": ""10-K""}, ""cash_and_equivalents"": {""filed_date"": ""2025-04-30"", ""form_type"": ""10-Q""}, ""ppe"": {""filed_date"": ""2025-04-30"", ""form_type"": ""10-Q""}, ""stockholders_equity"": {""filed_date"": ""2025-04-30"", ""form_type"": ""10-Q""}, ""operating_cash_flow"": {""filed_date"": ""2025-04-30"", ""form_type"": ""10-Q""}, ""capex"": {""filed_date"": ""2025-04-30"", ""form_type"": ""10-Q""}, ""total_debt"": {""filed_date"": ""2025-02-21"", ""form_type"": ""10-K""}, ""shares_outstanding"": {""filed_date"": ""2025-04-30"", ""form_type"": ""10-Q""}}",37
UBER,"Uber Technologies, Inc.",0.0063146756006766174,0.5534024335286165,5,,0.32502187693780277,3,5,2,10,4,0.20150871412468568,0.20150871412468568,1.3085585585585586,90.87000274658203,190024630272.0,4576000000.0,5.71,11533000000.0,1776000000.0,1228000000.0,Technology,0.31,2025-07-24T20:47:17.094807,True,True,2025-07-24T20:45:56.416972,"{""revenue"": {""filed_date"": ""2025-05-07"", ""form_type"": ""10-Q""}, ""operating_income"": {""filed_date"": ""2025-05-07"", ""form_type"": ""10-Q""}, ""net_income"": {""filed_date"": ""2025-05-07"", ""form_type"": ""10-Q""}, ""total_assets"": {""filed_date"": ""2025-05-07"", ""form_type"": ""10-Q""}, ""current_assets"": {""filed_date"": ""2025-05-07"", ""form_type"": ""10-Q""}, ""current_liabilities"": {""filed_date"": ""2025-05-07"", ""form_type"": ""10-Q""}, ""long_term_debt"": {""filed_date"": ""2025-02-14"", ""form_type"": ""10-K""}, ""cash_and_equivalents"": {""filed_date"": ""2025-05-07"", ""form_type"": ""10-Q""}, ""ppe"": {""filed_date"": ""2024-10-31"", ""form_type"": ""10-Q""}, ""stockholders_equity"": {""filed_date"": ""2025-05-07"", ""form_type"": ""10-Q""}, ""operating_cash_flow"": {""filed_date"": ""2025-05-07"", ""form_type"": ""10-Q""}, ""capex"": {""filed_date"": ""2025-05-07"", ""form_type"": ""10-Q""}, ""total_debt"": {""filed_date"": ""2025-02-14"", ""form_type"": ""10-K""}, ""shares_outstanding"": {""filed_date"": ""2025-05-07"", ""form_type"": ""10-Q""}}",38
BKNG,Booking Holdings Inc.,0.0057623847896435924,0.2406526172671652,4,,0.16574476262629062,3,5,1,10,4,0.6894162116757665,0.6894162116757665,11.373123677090586,5650.0,183852695552.0,8499999744.0,160.62,4762000000.0,288663000.0,1062000000.0,Consumer Cyclical,0.32,2025-07-24T20:47:17.094758,True,True,2025-07-24T20:45:56.416972,"{""revenue"": {""filed_date"": ""2025-04-29"", ""form_type"": ""10-Q""}, ""operating_income"": {""filed_date"": ""2025-04-29"", ""form_type"": ""10-Q""}, ""net_income"": {""filed_date"": ""2013-02-27"", ""form_type"": ""10-K/A""}, ""total_assets"": {""filed_date"": ""2025-04-29"", ""form_type"": ""10-Q""}, ""current_assets"": {""filed_date"": ""2025-04-29"", ""form_type"": ""10-Q""}, ""current_liabilities"": {""filed_date"": ""2025-04-29"", ""form_type"": ""10-Q""}, ""long_term_debt"": {""filed_date"": ""2025-04-29"", ""form_type"": ""10-Q""}, ""cash_and_equivalents"": {""filed_date"": ""2025-04-29"", ""form_type"": ""10-Q""}, ""ppe"": {""filed_date"": ""2025-04-29"", ""form_type"": ""10-Q""}, ""stockholders_equity"": {""filed_date"": ""2025-04-29"", ""form_type"": ""10-Q""}, ""operating_cash_flow"": {""filed_date"": ""2025-04-29"", ""form_type"": ""10-Q""}, ""capex"": {""filed_date"": ""2025-04-29"", ""form_type"": ""10-Q""}, ""total_debt"": {""filed_date"": ""2025-04-29"", ""form_type"": ""10-Q""}, ""shares_outstanding"": {""filed_date"": ""2025-04-29"", ""form_type"": ""10-Q""}}",39
NVDA,NVIDIA Corporation,0.005125219584235179,0.3067957861305279,5,,0.3009511517691889,3,5,2,10,4,0.62216876219872,0.62216876219872,1.460133155792277,173.74000549316406,4237101891584.0,88247001088.0,3.11,44062000000.0,18775000000.0,21638000000.0,Technology,6.8,2025-07-24T20:47:17.092498,True,True,2025-07-24T20:45:56.416972,"{""revenue"": {""filed_date"": ""2025-05-28"", ""form_type"": ""10-Q""}, ""operating_income"": {""filed_date"": ""2025-05-28"", ""form_type"": ""10-Q""}, ""net_income"": {""filed_date"": ""2025-05-28"", ""form_type"": ""10-Q""}, ""total_assets"": {""filed_date"": ""2025-05-28"", ""form_type"": ""10-Q""}, ""current_assets"": {""filed_date"": ""2025-05-28"", ""form_type"": ""10-Q""}, ""current_liabilities"": {""filed_date"": ""2025-05-28"", ""form_type"": ""10-Q""}, ""long_term_debt"": {""filed_date"": ""2025-05-28"", ""form_type"": ""10-Q""}, ""cash_and_equivalents"": {""filed_date"": ""2025-05-28"", ""form_type"": ""10-Q""}, ""ppe"": {""filed_date"": ""2025-05-28"", ""form_type"": ""10-Q""}, ""stockholders_equity"": {""filed_date"": ""2025-05-28"", ""form_type"": ""10-Q""}, ""operating_cash_flow"": {""filed_date"": ""2025-05-28"", ""form_type"": ""10-Q""}, ""capex"": {""filed_date"": ""2020-08-19"", ""form_type"": ""10-Q""}, ""total_debt"": {""filed_date"": ""2025-02-26"", ""form_type"": ""10-K""}, ""shares_outstanding"": {""filed_date"": ""2025-02-26"", ""form_type"": ""10-K""}}",40
NOW,"ServiceNow, Inc.",0.003936458565500372,0.2925858951175407,5,,-0.05768288578107689,1,5,1,10,3,1.9610285525101656,1.9610285525101656,2.8319526627218936,996.1799926757812,206360674304.0,2110000000.0,7.36,1220278000.0,845000000.0,809000000.0,Technology,0.34,2025-07-24T20:47:17.094672,True,True,2025-07-24T20:45:56.416972,"{""revenue"": {""filed_date"": ""2018-08-08"", ""form_type"": ""10-Q""}, ""operating_income"": {""filed_date"": ""2025-07-24"", ""form_type"": ""10-Q""}, ""net_income"": {""filed_date"": ""2025-07-24"", ""form_type"": ""10-Q""}, ""total_assets"": {""filed_date"": ""2025-07-24"", ""form_type"": ""10-Q""}, ""current_assets"": {""filed_date"": ""2025-07-24"", ""form_type"": ""10-Q""}, ""current_liabilities"": {""filed_date"": ""2025-07-24"", ""form_type"": ""10-Q""}, ""long_term_debt"": {""filed_date"": ""2021-10-28"", ""form_type"": ""10-Q""}, ""cash_and_equivalents"": {""filed_date"": ""2025-07-24"", ""form_type"": ""10-Q""}, ""ppe"": {""filed_date"": ""2025-07-24"", ""form_type"": ""10-Q""}, ""stockholders_equity"": {""filed_date"": ""2025-07-24"", ""form_type"": ""10-Q""}, ""operating_cash_flow"": {""filed_date"": ""2025-07-24"", ""form_type"": ""10-Q""}, ""capex"": {""filed_date"": ""2025-07-24"", ""form_type"": ""10-Q""}, ""shares_outstanding"": {""filed_date"": ""2025-07-24"", ""form_type"": ""10-Q""}}",41
AMD,"Advanced Micro Devices, Inc.",0.0031384780616433524,0.05097072029342946,5,,0.3687942568001068,3,5,1,10,4,0.2399693329925888,0.2399693329925888,1.3244005641748942,162.1199951171875,262861373440.0,5878000128.0,1.36,3913000000.0,709000000.0,806000000.0,Technology,0.43,2025-07-24T20:47:17.094138,True,True,2025-07-24T20:45:56.416972,"{""revenue"": {""filed_date"": ""2018-10-31"", ""form_type"": ""10-Q""}, ""operating_income"": {""filed_date"": ""2025-05-07"", ""form_type"": ""10-Q""}, ""net_income"": {""filed_date"": ""2025-05-07"", ""form_type"": ""10-Q""}, ""total_assets"": {""filed_date"": ""2025-05-07"", ""form_type"": ""10-Q""}, ""current_assets"": {""filed_date"": ""2025-05-07"", ""form_type"": ""10-Q""}, ""current_liabilities"": {""filed_date"": ""2025-05-07"", ""form_type"": ""10-Q""}, ""long_term_debt"": {""filed_date"": ""2022-02-03"", ""form_type"": ""10-K""}, ""cash_and_equivalents"": {""filed_date"": ""2025-05-07"", ""form_type"": ""10-Q""}, ""ppe"": {""filed_date"": ""2025-05-07"", ""form_type"": ""10-Q""}, ""stockholders_equity"": {""filed_date"": ""2025-05-07"", ""form_type"": ""10-Q""}, ""operating_cash_flow"": {""filed_date"": ""2025-05-07"", ""form_type"": ""10-Q""}, ""capex"": {""filed_date"": ""2025-05-07"", ""form_type"": ""10-Q""}, ""total_debt"": {""filed_date"": ""2020-02-04"", ""form_type"": ""10-K""}, ""shares_outstanding"": {""filed_date"": ""2025-05-07"", ""form_type"": ""10-Q""}}",42
MRK,"Merck & Co., Inc.",0.0017897970533472989,0.010392346677296282,4,,-0.14909582131397084,1,4,2,9,3,0.16098911713568162,0.16098911713568162,0.49222287851939356,84.11000061035156,211202736128.0,28795000832.0,6.88,15529000000.0,5079000000.0,365000000.0,Healthcare,0.36,2025-07-24T20:47:17.094499,True,True,2025-07-24T20:45:56.416972,"{""revenue"": {""filed_date"": ""2025-05-02"", ""form_type"": ""10-Q""}, ""operating_income"": {""filed_date"": ""2024-02-26"", ""form_type"": ""10-K""}, ""net_income"": {""filed_date"": ""2025-05-02"", ""form_type"": ""10-Q""}, ""total_assets"": {""filed_date"": ""2025-05-02"", ""form_type"": ""10-Q""}, ""current_assets"": {""filed_date"": ""2025-05-02"", ""form_type"": ""10-Q""}, ""current_liabilities"": {""filed_date"": ""2025-05-02"", ""form_type"": ""10-Q""}, ""long_term_debt"": {""filed_date"": ""2010-11-08"", ""form_type"": ""10-Q""}, ""cash_and_equivalents"": {""filed_date"": ""2025-05-02"", ""form_type"": ""10-Q""}, ""ppe"": {""filed_date"": ""2025-05-02"", ""form_type"": ""10-Q""}, ""stockholders_equity"": {""filed_date"": ""2025-05-02"", ""form_type"": ""10-Q""}, ""operating_cash_flow"": {""filed_date"": ""2025-05-02"", ""form_type"": ""10-Q""}, ""capex"": {""filed_date"": ""2025-05-02"", ""form_type"": ""10-Q""}, ""total_debt"": {""filed_date"": ""2025-05-02"", ""form_type"": ""10-Q""}, ""shares_outstanding"": {""filed_date"": ""2025-05-02"", ""form_type"": ""10-Q""}}",43
TSLA,"Tesla, Inc.",0.0013632603993748388,0.01896727356203102,5,,-0.2622396636473572,0,4,2,10,3,0.1122612416628816,0.1122612416628816,2.9702719797596457,305.29998779296875,983359029248.0,12549999616.0,1.76,41831000000.0,1581000000.0,1322000000.0,Consumer Cyclical,1.59,2025-07-24T20:47:17.092987,True,True,2025-07-24T20:45:56.416972,"{""revenue"": {""filed_date"": ""2025-07-24"", ""form_type"": ""10-Q""}, ""operating_income"": {""filed_date"": ""2025-07-24"", ""form_type"": ""10-Q""}, ""net_income"": {""filed_date"": ""2025-07-24"", ""form_type"": ""10-Q""}, ""total_assets"": {""filed_date"": ""2025-07-24"", ""form_type"": ""10-Q""}, ""current_assets"": {""filed_date"": ""2025-07-24"", ""form_type"": ""10-Q""}, ""current_liabilities"": {""filed_date"": ""2025-07-24"", ""form_type"": ""10-Q""}, ""long_term_debt"": {""filed_date"": ""2025-07-24"", ""form_type"": ""10-Q""}, ""cash_and_equivalents"": {""filed_date"": ""2025-07-24"", ""form_type"": ""10-Q""}, ""ppe"": {""filed_date"": ""2025-07-24"", ""form_type"": ""10-Q""}, ""stockholders_equity"": {""filed_date"": ""2025-07-24"", ""form_type"": ""10-Q""}, ""operating_cash_flow"": {""filed_date"": ""2025-07-24"", ""form_type"": ""10-Q""}, ""capex"": {""filed_date"": ""2025-07-24"", ""form_type"": ""10-Q""}, ""total_debt"": {""filed_date"": ""2025-07-24"", ""form_type"": ""10-Q""}, ""shares_outstanding"": {""filed_date"": ""2025-07-24"", ""form_type"": ""10-Q""}}",44
PLTR,Palantir Technologies Inc.,0.00048271819939312596,0.03287651790674765,5,,1.2365685353578482,3,5,1,10,4,0.35103382342126255,0.35103382342126255,1.449617111539917,154.86000061035156,365455638528.0,435340992.0,0.23,883855000.0,214031000.0,176048000.0,Technology,0.57,2025-07-24T20:47:17.093667,True,True,2025-07-24T20:45:56.416972,"{""revenue"": {""filed_date"": ""2025-05-06"", ""form_type"": ""10-Q""}, ""operating_income"": {""filed_date"": ""2025-05-06"", ""form_type"": ""10-Q""}, ""net_income"": {""filed_date"": ""2025-05-06"", ""form_type"": ""10-Q""}, ""total_assets"": {""filed_date"": ""2025-05-06"", ""form_type"": ""10-Q""}, ""current_assets"": {""filed_date"": ""2025-05-06"", ""form_type"": ""10-Q""}, ""current_liabilities"": {""filed_date"": ""2025-05-06"", ""form_type"": ""10-Q""}, ""long_term_debt"": {""filed_date"": ""2022-02-24"", ""form_type"": ""10-K""}, ""cash_and_equivalents"": {""filed_date"": ""2025-05-06"", ""form_type"": ""10-Q""}, ""ppe"": {""filed_date"": ""2025-05-06"", ""form_type"": ""10-Q""}, ""stockholders_equity"": {""filed_date"": ""2025-05-06"", ""form_type"": ""10-Q""}, ""operating_cash_flow"": {""filed_date"": ""2025-05-06"", ""form_type"": ""10-Q""}, ""capex"": {""filed_date"": ""2025-05-06"", ""form_type"": ""10-Q""}, ""shares_outstanding"": {""filed_date"": ""2025-05-06"", ""form_type"": ""10-Q""}}",45
GS,"The Goldman Sachs Group, Inc.",2.058240684015269e-10,0.12762,3,,0.18492753395830655,3,0,2,3,1,-0.679453975446425,,-7.8577458843393835,719.1799926757812,220673900544.0,0.0,45.42,54793998336.0,4738000000.0,0.0,Financial Services,0.37,2025-07-24T20:47:17.094330,True,True,2025-07-24T20:45:56.416972,"{""net_income"": {""filed_date"": ""2025-05-02"", ""form_type"": ""10-Q""}, ""total_assets"": {""filed_date"": ""2025-05-02"", ""form_type"": ""10-Q""}, ""long_term_debt"": {""filed_date"": ""2019-11-01"", ""form_type"": ""10-Q""}, ""cash_and_equivalents"": {""filed_date"": ""2025-05-02"", ""form_type"": ""10-Q""}, ""ppe"": {""filed_date"": ""2025-05-02"", ""form_type"": ""10-Q""}, ""stockholders_equity"": {""filed_date"": ""2025-05-02"", ""form_type"": ""10-Q""}, ""operating_cash_flow"": {""filed_date"": ""2025-05-02"", ""form_type"": ""10-Q""}, ""capex"": {""filed_date"": ""2025-05-02"", ""form_type"": ""10-Q""}, ""shares_outstanding"": {""filed_date"": ""2025-05-02"", ""form_type"": ""10-Q""}}",46
JPM,JPMorgan Chase & Co.,2.366105559399712e-11,0.16211,3,,0.17911690152295598,3,0,2,3,1,-1.4183637838203158,,-17.198593184456737,296.54998779296875,824139055104.0,0.0,19.5,177556000000.0,14643000000.0,0.0,Financial Services,1.4,2025-07-24T20:47:17.093114,True,True,2025-07-24T20:45:56.416972,"{""revenue"": {""filed_date"": ""2025-02-14"", ""form_type"": ""10-K""}, ""net_income"": {""filed_date"": ""2025-05-01"", ""form_type"": ""10-Q""}, ""total_assets"": {""filed_date"": ""2025-05-01"", ""form_type"": ""10-Q""}, ""long_term_debt"": {""filed_date"": ""2014-08-04"", ""form_type"": ""10-Q""}, ""cash_and_equivalents"": {""filed_date"": ""2019-02-26"", ""form_type"": ""10-K""}, ""ppe"": {""filed_date"": ""2023-11-01"", ""form_type"": ""10-Q""}, ""stockholders_equity"": {""filed_date"": ""2025-05-01"", ""form_type"": ""10-Q""}, ""operating_cash_flow"": {""filed_date"": ""2025-05-01"", ""form_type"": ""10-Q""}, ""total_debt"": {""filed_date"": ""2014-08-04"", ""form_type"": ""10-Q""}, ""shares_outstanding"": {""filed_date"": ""2025-02-14"", ""form_type"": ""10-K""}}",47
WFC,Wells Fargo & Company,2.1324297790656846e-11,0.114980005,3,,0.11581937849733673,3,0,2,3,1,-0.2028301019939355,,-2.2552104617899467,83.87000274658203,272928096256.0,0.0,5.82,54415000000.0,4894000000.0,0.0,Financial Services,0.46,2025-07-24T20:47:17.093924,True,True,2025-07-24T20:45:56.416972,"{""revenue"": {""filed_date"": ""2020-11-02"", ""form_type"": ""10-Q""}, ""net_income"": {""filed_date"": ""2025-04-29"", ""form_type"": ""10-Q""}, ""total_assets"": {""filed_date"": ""2025-04-29"", ""form_type"": ""10-Q""}, ""long_term_debt"": {""filed_date"": ""2025-04-29"", ""form_type"": ""10-Q""}, ""ppe"": {""filed_date"": ""2020-11-02"", ""form_type"": ""10-Q""}, ""stockholders_equity"": {""filed_date"": ""2025-04-29"", ""form_type"": ""10-Q""}, ""operating_cash_flow"": {""filed_date"": ""2025-04-29"", ""form_type"": ""10-Q""}, ""total_debt"": {""filed_date"": ""2025-04-29"", ""form_type"": ""10-Q""}, ""shares_outstanding"": {""filed_date"": ""2025-04-29"", ""form_type"": ""10-Q""}}",48
BAC,Bank of America Corporation,9.475881984727855e-12,0.0946,3,,0.05022161611531986,2,0,2,3,1,-0.07980705985529489,,-0.2952947539210384,48.38999938964844,359860961280.0,0.0,3.41,27366000000.0,7396000000.0,0.0,Financial Services,0.56,2025-07-24T20:47:17.093755,True,True,2025-07-24T20:45:56.416972,"{""revenue"": {""filed_date"": ""2025-04-30"", ""form_type"": ""10-Q""}, ""net_income"": {""filed_date"": ""2025-04-30"", ""form_type"": ""10-Q""}, ""total_assets"": {""filed_date"": ""2025-04-30"", ""form_type"": ""10-Q""}, ""long_term_debt"": {""filed_date"": ""2025-04-30"", ""form_type"": ""10-Q""}, ""cash_and_equivalents"": {""filed_date"": ""2020-10-30"", ""form_type"": ""10-Q""}, ""ppe"": {""filed_date"": ""2025-04-30"", ""form_type"": ""10-Q""}, ""stockholders_equity"": {""filed_date"": ""2025-04-30"", ""form_type"": ""10-Q""}, ""operating_cash_flow"": {""filed_date"": ""2025-04-30"", ""form_type"": ""10-Q""}, ""total_debt"": {""filed_date"": ""2025-04-30"", ""form_type"": ""10-Q""}, ""shares_outstanding"": {""filed_date"": ""2025-04-30"", ""form_type"": ""10-Q""}}",49
